
INSERT INTO actor (codigo,nombre) VALUES ('ACT-001','John Travolta');
INSERT INTO actor (codigo,nombre) VALUES ('ACT-002','Samuel L. Jackson');
INSERT INTO actor (codigo,nombre) VALUES ('ACT-003','Uma Thurman');
INSERT INTO actor (codigo,nombre) VALUES ('ACT-004','Russell Crowe');
INSERT INTO actor (codigo,nombre) VALUES ('ACT-005','Paul Bettany');
INSERT INTO actor (codigo,nombre) VALUES ('ACT-006','Ed Harris');
INSERT INTO actor (codigo,nombre) VALUES ('ACT-007','Meryl Streep');
INSERT INTO actor (codigo,nombre) VALUES ('ACT-008','Amanda Seyfried');
INSERT INTO actor (codigo,nombre) VALUES ('ACT-009','Pierce Brosnan');
INSERT INTO actor (codigo,nombre) VALUES ('ACT-010','Lindsay Lohan');
INSERT INTO actor (codigo,nombre) VALUES ('ACT-011','Rachel McAdams');
INSERT INTO actor (codigo,nombre) VALUES ('ACT-012','Luci Lui');
INSERT INTO actor (codigo,nombre) VALUES ('ACT-013','Vivica A.Fox');
INSERT INTO actor (codigo,nombre) VALUES ('ACT-014','Robert Downey Jr.');
INSERT INTO actor (codigo,nombre) VALUES ('ACT-015','Chris Hemsworth');
INSERT INTO actor (codigo,nombre) VALUES ('ACT-016','Mark Ruffalo');
INSERT INTO actor (codigo,nombre) VALUES ('ACT-017','Tom Hiddleston');
INSERT INTO actor (codigo,nombre) VALUES ('ACT-018','Mark Hamill');
INSERT INTO actor (codigo,nombre) VALUES ('ACT-019','Harrison Ford');
INSERT INTO actor (codigo,nombre) VALUES ('ACT-020','Carrie Fisher');
INSERT INTO actor (codigo,nombre) VALUES ('ACT-021','Michael J. Fox');
INSERT INTO actor (codigo,nombre) VALUES ('ACT-022','Chritopher Lloyd');
INSERT INTO actor (codigo,nombre) VALUES ('ACT-023','Elijad Wood');
INSERT INTO actor (codigo,nombre) VALUES ('ACT-024','Ian McKellen');
INSERT INTO actor (codigo,nombre) VALUES ('ACT-025','Liv Tyler');
INSERT INTO actor (codigo,nombre) VALUES ('ACT-026','Warwick Davis');
INSERT INTO actor (codigo,nombre) VALUES ('ACT-027','Val Kilmer');
INSERT INTO actor (codigo,nombre) VALUES ('ACT-028','Mia Wasikowska');
INSERT INTO actor (codigo,nombre) VALUES ('ACT-029','Leonardo DiCrapio');
INSERT INTO actor (codigo,nombre) VALUES ('ACT-030','Kate Winslet');
INSERT INTO actor (codigo,nombre) VALUES ('ACT-031','Julia Roberts');
INSERT INTO actor (codigo,nombre) VALUES ('ACT-032','Richard Gere');
INSERT INTO actor (codigo,nombre) VALUES ('ACT-033','Hugh Jackman');
INSERT INTO actor (codigo,nombre) VALUES ('ACT-034','Anne Hathaway');
INSERT INTO actor (codigo,nombre) VALUES ('ACT-035','Olivia Newton');
INSERT INTO actor (codigo,nombre) VALUES ('ACT-036','Guy Pearce');
INSERT INTO actor (codigo,nombre) VALUES ('ACT-037','Carrie-Anne Moss');


INSERT INTO genero (codigo,nombre) VALUES ('GEN-001','DRAMA');
INSERT INTO genero (codigo,nombre) VALUES ('GEN-002','COMEDIA');
INSERT INTO genero (codigo,nombre) VALUES ('GEN-003','ACCION');
INSERT INTO genero (codigo,nombre) VALUES ('GEN-004','CIENCIA Y FICCION');
INSERT INTO genero (codigo,nombre) VALUES ('GEN-005','FANTASIA');
INSERT INTO genero (codigo,nombre) VALUES ('GEN-006','TERROR');
INSERT INTO genero (codigo,nombre) VALUES ('GEN-007','ROMANCE');
INSERT INTO genero (codigo,nombre) VALUES ('GEN-008','MUSICAL');
INSERT INTO genero (codigo,nombre) VALUES ('GEN-009','SUSPENSO');


INSERT INTO director (codigo,nombre) VALUES ('DIR-001','Quentin tarantino');
INSERT INTO director (codigo,nombre) VALUES ('DIR-002','Ron Howard');
INSERT INTO director (codigo,nombre) VALUES ('DIR-003','Phyllida Lloyd');
INSERT INTO director (codigo,nombre) VALUES ('DIR-004','Mark Waters');
INSERT INTO director (codigo,nombre) VALUES ('DIR-005','Joss Whedon');
INSERT INTO director (codigo,nombre) VALUES ('DIR-006','George Lucas');
INSERT INTO director (codigo,nombre) VALUES ('DIR-007','Robert Zemeckis');
INSERT INTO director (codigo,nombre) VALUES ('DIR-008','Peter Jackson');
INSERT INTO director (codigo,nombre) VALUES ('DIR-009','Gillermo del Toro');
INSERT INTO director (codigo,nombre) VALUES ('DIR-010','James Cameron');
INSERT INTO director (codigo,nombre) VALUES ('DIR-011','Gary Marshall');
INSERT INTO director (codigo,nombre) VALUES ('DIR-012','Tom Hopper');
INSERT INTO director (codigo,nombre) VALUES ('DIR-013','Randal Kleiser');
INSERT INTO director (codigo,nombre) VALUES ('DIR-014','Martin Scorsese');
INSERT INTO director (codigo,nombre) VALUES ('DIR-015','Chritopher Nolan');


INSERT INTO pelicula (codigo,nombre,coddirector,codgenero,descripcion) VALUES('PEL-001','Tiempos Violentos','DIR-001','GEN-001','Esta comedia negra entreteje las historias de un asesino fanatico de las hamburguesas,su filosofico companiero y un boxeador arruinado.');
INSERT INTO pelicula (codigo,nombre,coddirector,codgenero,descripcion) VALUES('PEL-002','Una Mente Brillante','DIR-002','GEN-001','Narra la vida y obra del famoso economista John Nash Jr., un hombre brillante acosado por una angustiosa enfermedad mental.');
INSERT INTO pelicula (codigo,nombre,coddirector,codgenero,descripcion) VALUES('PEL-003','Mamma Mia','DIR-003','GEN-002',' En la isla griega de Kalokari, una madre soltera enloquece cuando su hija, futura novia, invita a tres antiguos examantes de su madre a la boda.');
INSERT INTO pelicula (codigo,nombre,coddirector,codgenero,descripcion) VALUES('PEL-004','Chicas Pesadas','DIR-004','GEN-002','Cady se une a la pandilla mas poderosa de la escuela, pero debe enfrentar el infierno cuando el exnovio de la lider de la pandilla quiere ser su novio.');
INSERT INTO pelicula (codigo,nombre,coddirector,codgenero,descripcion) VALUES('PEL-005','KILL BILL','DIR-001','GEN-003','El despiadado Bill balea en el altar a una asesina, empleada suya,  junto con otros miembros de su circulo de asesinos, pero ella sobrevive y planea su venganza.');
INSERT INTO pelicula (codigo,nombre,coddirector,codgenero,descripcion) VALUES('PEL-006','Avengers','DIR-005','GEN-003','Un reparto de superheroes- incluidos Iron Man, el Increible Hulk y Capitan America se unen para salvar al mundo de una catastrofe.');
INSERT INTO pelicula (codigo,nombre,coddirector,codgenero,descripcion) VALUES('PEL-007','Star Wars','DIR-006','GEN-004','En medio de una riesgosa caceria por la galaxia, nace un nuevo Jedi, un paso mas en una osada aventura.');
INSERT INTO pelicula (codigo,nombre,coddirector,codgenero,descripcion) VALUES('PEL-008','Volver al Futuro','DIR-007','GEN-004','Es 1985 y la vida de Marty McFly no puede tener mas problemas. De prontp recibe un mensaje del Doc que lo cita en un centro comercial en la noche para que filme un nuevo y revolucionario experimento.');
INSERT INTO pelicula (codigo,nombre,coddirector,codgenero,descripcion) VALUES('PEL-009','El Señor de los Anillos','DIR-008','GEN-005','Narra el viaje del protagonista principal, Frodo Bolson, hobbit de la Comarca, para destruir el Anillo Unico y la consiguiente guerra que provocara el enemigo para recuperarlo, ya que es la principal fuente de poder de su creador, el Señor oscuro Sauron.');
INSERT INTO pelicula (codigo,nombre,coddirector,codgenero,descripcion) VALUES('PEL-010','Willow','DIR-002','GEN-005','Erase una vez un enano que, al m·s puro estilo de Bilbo Baggins en ìEl hobbitî, veÌa cÛmo su apacible rutina en un pueblo de gente como Èl se venÌa abajo con la llamada de la aventura. Proteger a un bebÈ destinado a grandes cosas requerÌa la ayuda de un musculitos con un interior mas tierno que una babosa.');
INSERT INTO pelicula (codigo,nombre,coddirector,codgenero,descripcion) VALUES('PEL-011','La Cumbre Escarlata','DIR-009','GEN-006','Una heredera estadounidense se casa con un aristocrata britanico en la ruina y se muda a su siniestra mansion, que no tardara en revelar sus secretos mas sangrientos.');
INSERT INTO pelicula (codigo,nombre,coddirector,codgenero,descripcion) VALUES('PEL-012','Titanic','DIR-010','GEN-007','Dos jovenes que se conocen y se enamoran a bordo del transatl·ntico Titanic. Pertenecientes a diferentes clases sociales, intentan salir adelante pese a las adversidades que los separarÌan de forma definitiva y el hundimiento del lujoso barco tras chocar con un iceberg.');
INSERT INTO pelicula (codigo,nombre,coddirector,codgenero,descripcion) VALUES('PEL-013','Mujer Bonita','DIR-011','GEN-007','En esta deliciosa comedia, un inescrupuloso millonario hace un acuerdo comercial de Hollywood, pero termina enamorandose perdidamente.');
INSERT INTO pelicula (codigo,nombre,coddirector,codgenero,descripcion) VALUES('PEL-014','Les Miserables','DIR-012','GEN-008','Ambientada en la Francia del siglo XIX, Los miserables narra una fascinante historia de sueños rotos y amor no correspondido, pasion, sacrificio y redencion.');
INSERT INTO pelicula (codigo,nombre,coddirector,codgenero,descripcion) VALUES('PEL-015','Grease','DIR-013','GEN-008','Grease es lo que quieres! Vuelve a la escuela secundaria con Sandy, una pink lady, Danny, lider de los chicos  malos T-Birds, y un rocanrolero elenco estelar.');
INSERT INTO pelicula (codigo,nombre,coddirector,codgenero,descripcion) VALUES('PEL-016','La Isla Siniestra','DIR-014','GEN-009','Cuando un alguacil federal llega a un confinamiento para criminales dementes, lo que comienza como una investigacion de rutina rapidamente se torna en algo siniestro.');
INSERT INTO pelicula (codigo,nombre,coddirector,codgenero,descripcion) VALUES('PEL-017','Amnesia','DIR-015','GEN-009','Afectado con la perdida de memoria a corto plazo a raiz de una lesion en la cabeza, Leonard Shelby se embarca en una sombria cruzada en busca del asesino de su mujer.');



INSERT INTO ACTOR_X_PELICULA (codPelicula,codActor) VALUES ('PEL-001','ACT-001');
INSERT INTO ACTOR_X_PELICULA (codPelicula,codActor) VALUES ('PEL-001','ACT-002');
INSERT INTO ACTOR_X_PELICULA (codPelicula,codActor) VALUES ('PEL-001','ACT-003');
INSERT INTO ACTOR_X_PELICULA (codPelicula,codActor) VALUES ('PEL-002','ACT-004');
INSERT INTO ACTOR_X_PELICULA (codPelicula,codActor) VALUES ('PEL-002','ACT-005');
INSERT INTO ACTOR_X_PELICULA (codPelicula,codActor) VALUES ('PEL-002','ACT-006');
INSERT INTO ACTOR_X_PELICULA (codPelicula,codActor) VALUES ('PEL-003','ACT-007');
INSERT INTO ACTOR_X_PELICULA (codPelicula,codActor) VALUES ('PEL-003','ACT-008');
INSERT INTO ACTOR_X_PELICULA (codPelicula,codActor) VALUES ('PEL-003','ACT-009');
INSERT INTO ACTOR_X_PELICULA (codPelicula,codActor) VALUES ('PEL-004','ACT-010');
INSERT INTO ACTOR_X_PELICULA (codPelicula,codActor) VALUES ('PEL-004','ACT-011');
INSERT INTO ACTOR_X_PELICULA (codPelicula,codActor) VALUES ('PEL-004','ACT-008');
INSERT INTO ACTOR_X_PELICULA (codPelicula,codActor) VALUES ('PEL-005','ACT-003');
INSERT INTO ACTOR_X_PELICULA (codPelicula,codActor) VALUES ('PEL-005','ACT-012');
INSERT INTO ACTOR_X_PELICULA (codPelicula,codActor) VALUES ('PEL-005','ACT-013');
INSERT INTO ACTOR_X_PELICULA (codPelicula,codActor) VALUES ('PEL-006','ACT-014');
INSERT INTO ACTOR_X_PELICULA (codPelicula,codActor) VALUES ('PEL-006','ACT-015');
INSERT INTO ACTOR_X_PELICULA (codPelicula,codActor) VALUES ('PEL-006','ACT-016');
INSERT INTO ACTOR_X_PELICULA (codPelicula,codActor) VALUES ('PEL-006','ACT-017');
INSERT INTO ACTOR_X_PELICULA (codPelicula,codActor) VALUES ('PEL-007','ACT-018');
INSERT INTO ACTOR_X_PELICULA (codPelicula,codActor) VALUES ('PEL-007','ACT-019');
INSERT INTO ACTOR_X_PELICULA (codPelicula,codActor) VALUES ('PEL-007','ACT-020');
INSERT INTO ACTOR_X_PELICULA (codPelicula,codActor) VALUES ('PEL-008','ACT-021');
INSERT INTO ACTOR_X_PELICULA (codPelicula,codActor) VALUES ('PEL-008','ACT-022');
INSERT INTO ACTOR_X_PELICULA (codPelicula,codActor) VALUES ('PEL-009','ACT-023');
INSERT INTO ACTOR_X_PELICULA (codPelicula,codActor) VALUES ('PEL-009','ACT-024');
INSERT INTO ACTOR_X_PELICULA (codPelicula,codActor) VALUES ('PEL-009','ACT-025');
INSERT INTO ACTOR_X_PELICULA (codPelicula,codActor) VALUES ('PEL-010','ACT-026');
INSERT INTO ACTOR_X_PELICULA (codPelicula,codActor) VALUES ('PEL-010','ACT-027');
INSERT INTO ACTOR_X_PELICULA (codPelicula,codActor) VALUES ('PEL-011','ACT-028');
INSERT INTO ACTOR_X_PELICULA (codPelicula,codActor) VALUES ('PEL-011','ACT-017');
INSERT INTO ACTOR_X_PELICULA (codPelicula,codActor) VALUES ('PEL-012','ACT-029');
INSERT INTO ACTOR_X_PELICULA (codPelicula,codActor) VALUES ('PEL-012','ACT-030');
INSERT INTO ACTOR_X_PELICULA (codPelicula,codActor) VALUES ('PEL-013','ACT-031');
INSERT INTO ACTOR_X_PELICULA (codPelicula,codActor) VALUES ('PEL-013','ACT-032');
INSERT INTO ACTOR_X_PELICULA (codPelicula,codActor) VALUES ('PEL-014','ACT-033');
INSERT INTO ACTOR_X_PELICULA (codPelicula,codActor) VALUES ('PEL-014','ACT-004');
INSERT INTO ACTOR_X_PELICULA (codPelicula,codActor) VALUES ('PEL-014','ACT-034');
INSERT INTO ACTOR_X_PELICULA (codPelicula,codActor) VALUES ('PEL-014','ACT-008');
INSERT INTO ACTOR_X_PELICULA (codPelicula,codActor) VALUES ('PEL-015','ACT-001');
INSERT INTO ACTOR_X_PELICULA (codPelicula,codActor) VALUES ('PEL-015','ACT-035');
INSERT INTO ACTOR_X_PELICULA (codPelicula,codActor) VALUES ('PEL-016','ACT-029');
INSERT INTO ACTOR_X_PELICULA (codPelicula,codActor) VALUES ('PEL-016','ACT-016');
INSERT INTO ACTOR_X_PELICULA (codPelicula,codActor) VALUES ('PEL-017','ACT-036');
INSERT INTO ACTOR_X_PELICULA (codPelicula,codActor) VALUES ('PEL-017','ACT-037');
